{"test": {"min/layer2/weights": [[1459566720.309329, 0, -0.1977844089269638], [1459566728.304206, 110, -0.4668542742729187], [1459566736.232683, 220, -0.5343624353408813], [1459566744.38408, 330, -0.6639730930328369], [1459566752.632474, 440, -0.7565640807151794], [1459566760.892844, 550, -0.7225286364555359], [1459566769.103705, 660, -0.7386789917945862], [1459566776.999435, 770, -1.0628955364227295], [1459566784.876542, 880, -0.973699152469635], [1459566792.964021, 990, -1.011399745941162]], "min/layer2/biases": [[1459566720.309329, 0, 0.10000000149011612], [1459566728.304206, 110, 0.02753925323486328], [1459566736.232683, 220, 0.02753531187772751], [1459566744.38408, 330, 0.027442146092653275], [1459566752.632474, 440, 0.02658255770802498], [1459566760.892844, 550, 0.026188740506768227], [1459566769.103705, 660, 0.037676647305488586], [1459566776.999435, 770, 0.031704243272542953], [1459566784.876542, 880, 0.027949467301368713], [1459566792.964021, 990, -0.0023130825720727444]], "mean/layer1/biases": [[1459566720.309329, 0, 0.10000000894069672], [1459566728.304206, 110, 0.10993994027376175], [1459566736.232683, 220, 0.1094435527920723], [1459566744.38408, 330, 0.11373117566108704], [1459566752.632474, 440, 0.11046338081359863], [1459566760.892844, 550, 0.11035609245300293], [1459566769.103705, 660, 0.0978025272488594], [1459566776.999435, 770, 0.09222898632287979], [1459566784.876542, 880, 0.09509958326816559], [1459566792.964021, 990, 0.09941451996564865]], "mean/layer2/biases": [[1459566720.309329, 0, 0.10000000149011612], [1459566728.304206, 110, 0.08915754407644272], [1459566736.232683, 220, 0.0908578485250473], [1459566744.38408, 330, 0.11376833915710449], [1459566752.632474, 440, 0.13287727534770966], [1459566760.892844, 550, 0.1394781768321991], [1459566769.103705, 660, 0.16093087196350098], [1459566776.999435, 770, 0.2509893476963043], [1459566784.876542, 880, 0.27541235089302063], [1459566792.964021, 990, 0.31561940908432007]], "max/layer1/biases": [[1459566720.309329, 0, 0.10000000149011612], [1459566728.304206, 110, 0.25833097100257874], [1459566736.232683, 220, 0.30263954401016235], [1459566744.38408, 330, 0.35570433735847473], [1459566752.632474, 440, 0.3923046588897705], [1459566760.892844, 550, 0.4433596134185791], [1459566769.103705, 660, 0.45519858598709106], [1459566776.999435, 770, 0.4698466658592224], [1459566784.876542, 880, 0.5024898648262024], [1459566792.964021, 990, 0.4834921360015869]], "max/layer2/biases": [[1459566720.309329, 0, 0.10000000149011612], [1459566728.304206, 110, 0.17790138721466064], [1459566736.232683, 220, 0.1958233118057251], [1459566744.38408, 330, 0.2248239368200302], [1459566752.632474, 440, 0.26435577869415283], [1459566760.892844, 550, 0.2592582404613495], [1459566769.103705, 660, 0.2704913914203644], [1459566776.999435, 770, 0.8041979670524597], [1459566784.876542, 880, 0.9541001915931702], [1459566792.964021, 990, 1.1388412714004517]], "min/layer1/biases": [[1459566720.309329, 0, 0.10000000149011612], [1459566728.304206, 110, -0.07092968374490738], [1459566736.232683, 220, -0.11293303221464157], [1459566744.38408, 330, -0.22490175068378448], [1459566752.632474, 440, -0.33806583285331726], [1459566760.892844, 550, -0.38949599862098694], [1459566769.103705, 660, -0.40604424476623535], [1459566776.999435, 770, -0.4863507151603699], [1459566784.876542, 880, -0.5250011682510376], [1459566792.964021, 990, -0.5645066499710083]], "accuracy": [[1459566720.309329, 0, 0.1477999985218048], [1459566728.304206, 110, 0.7537000179290771], [1459566736.232683, 220, 0.7660999894142151], [1459566744.38408, 330, 0.7720000147819519], [1459566752.632474, 440, 0.7754999995231628], [1459566760.892844, 550, 0.776199996471405], [1459566769.103705, 660, 0.789900004863739], [1459566776.999435, 770, 0.8676000237464905], [1459566784.876542, 880, 0.8700000047683716], [1459566792.964021, 990, 0.871399998664856]], "min/layer1/weights": [[1459566720.309329, 0, -0.1999814212322235], [1459566728.304206, 110, -0.553795337677002], [1459566736.232683, 220, -0.7171976566314697], [1459566744.38408, 330, -0.8985674381256104], [1459566752.632474, 440, -0.9724829792976379], [1459566760.892844, 550, -1.056904673576355], [1459566769.103705, 660, -1.1858466863632202], [1459566776.999435, 770, -1.3317203521728516], [1459566784.876542, 880, -1.535752773284912], [1459566792.964021, 990, -1.6594631671905518]], "cross entropy": [[1459566720.309329, 0, 0.23012404143810272], [1459566728.304206, 110, 0.07710129767656326], [1459566736.232683, 220, 0.06915483623743057], [1459566744.38408, 330, 0.06404037773609161], [1459566752.632474, 440, 0.062217216938734055], [1459566760.892844, 550, 0.062097012996673584], [1459566769.103705, 660, 0.05982699245214462], [1459566776.999435, 770, 0.03893125057220459], [1459566784.876542, 880, 0.03993505984544754], [1459566792.964021, 990, 0.03876141086220741]], "dropout_keep_probability": [[1459566720.309329, 0, 1.0], [1459566728.304206, 110, 1.0], [1459566736.232683, 220, 1.0], [1459566744.38408, 330, 1.0], [1459566752.632474, 440, 1.0], [1459566760.892844, 550, 1.0], [1459566769.103705, 660, 1.0], [1459566776.999435, 770, 1.0], [1459566784.876542, 880, 1.0], [1459566792.964021, 990, 1.0]], "mean/layer2/weights": [[1459566720.309329, 0, -0.0035715862177312374], [1459566728.304206, 110, -0.04772261530160904], [1459566736.232683, 220, -0.06504686176776886], [1459566744.38408, 330, -0.07015834748744965], [1459566752.632474, 440, -0.08026162534952164], [1459566760.892844, 550, -0.08835069090127945], [1459566769.103705, 660, -0.09142794460058212], [1459566776.999435, 770, -0.10598365217447281], [1459566784.876542, 880, -0.11639128625392914], [1459566792.964021, 990, -0.11913935095071793]], "max/layer1/weights": [[1459566720.309329, 0, 0.19980253279209137], [1459566728.304206, 110, 0.5120457410812378], [1459566736.232683, 220, 0.8265383243560791], [1459566744.38408, 330, 0.8656272888183594], [1459566752.632474, 440, 0.937911868095398], [1459566760.892844, 550, 1.1391115188598633], [1459566769.103705, 660, 1.2237374782562256], [1459566776.999435, 770, 1.3269140720367432], [1459566784.876542, 880, 1.3565644025802612], [1459566792.964021, 990, 1.4186413288116455]], "max/layer2/weights": [[1459566720.309329, 0, 0.19447742402553558], [1459566728.304206, 110, 0.3955625891685486], [1459566736.232683, 220, 0.5456640124320984], [1459566744.38408, 330, 0.5435141921043396], [1459566752.632474, 440, 0.5878633856773376], [1459566760.892844, 550, 0.5348089933395386], [1459566769.103705, 660, 0.5404020547866821], [1459566776.999435, 770, 0.5710546374320984], [1459566784.876542, 880, 0.5708876848220825], [1459566792.964021, 990, 0.5315481424331665]], "mean/layer1/weights": [[1459566720.309329, 0, 0.0008905778522603214], [1459566728.304206, 110, -0.008748422376811504], [1459566736.232683, 220, -0.011625558137893677], [1459566744.38408, 330, -0.015457672998309135], [1459566752.632474, 440, -0.019007483497262], [1459566760.892844, 550, -0.021653080359101295], [1459566769.103705, 660, -0.02497348003089428], [1459566776.999435, 770, -0.026016665622591972], [1459566784.876542, 880, -0.0264739990234375], [1459566792.964021, 990, -0.026051359251141548]], "sttdev/layer1/weights": [[1459566720.309329, 0, 17.35247230529785], [1459566728.304206, 110, 26.453861236572266], [1459566736.232683, 220, 31.291091918945312], [1459566744.38408, 330, 35.81803512573242], [1459566752.632474, 440, 39.24052429199219], [1459566760.892844, 550, 42.740516662597656], [1459566769.103705, 660, 45.33943557739258], [1459566776.999435, 770, 48.30186080932617], [1459566784.876542, 880, 50.925960540771484], [1459566792.964021, 990, 53.57120895385742]],